{"cameraMode":{"drawMode":0,"name":"Shaded","section":"Shading Mode"},"sceneLighting":false,"audioPlay":false,"sceneViewState":{"m_AlwaysRefresh":false,"showFog":true,"showSkybox":true,"showFlares":true,"showImageEffects":true,"showParticleSystems":true,"showVisualEffectGraphs":true,"m_FxEnabled":true},"in2DMode":false,"pivot":{"x":-7.792895793914795,"y":1.2689182758331299,"z":-0.08917675167322159},"rotation":{"x":-0.04326441511511803,"y":0.7871226072311401,"z":0.05559097230434418,"w":0.6127842664718628},"size":0.9544362425804138,"orthographic":false}